,UserZoom ID,Status,Start Date,End Date,"Have you visited ATO Beta before? (For example, tested a new product, read a blog post, received an email) *",How did you find out about ATO Beta?,How did you find out about ATO Beta? - 1,How did you find out about ATO Beta? - 2,How did you find out about ATO Beta? - 3,How did you find out about ATO Beta? - 4,How did you find out about ATO Beta? - 5,How did you find out about ATO Beta? - 6,How did you find out about ATO Beta? - 7,"What would be the best way to let you know about new ATO Beta tests, blogs and updates?","What would be the best way to let you know about new ATO Beta tests, blogs and updates? - 1","What would be the best way to let you know about new ATO Beta tests, blogs and updates? - 2","What would be the best way to let you know about new ATO Beta tests, blogs and updates? - 3","What would be the best way to let you know about new ATO Beta tests, blogs and updates? - 4","What would be the best way to let you know about new ATO Beta tests, blogs and updates? - 5","What would be the best way to let you know about new ATO Beta tests, blogs and updates? - 6",Do you follow any ATO social media channels?,Do you follow any ATO social media channels? - 1,Do you follow any ATO social media channels? - 2,Do you follow any ATO social media channels? - 1,Are you subscribed to the ATO Beta mailing list? *,How often would you like to hear from us?,How often would you like to hear from us?,"If you are subscribed to the Beta mailing list, why not?","If you are subscribed to the Beta mailing list, why not? - 1","If you are subscribed to the Beta mailing list, why not? - 2","If you are subscribed to the Beta mailing list, why not? - 1","If you are subscribed to the Beta mailing list, why not? - 3","If you are subscribed to the Beta mailing list, why not? - 4","If you are subscribed to the Beta mailing list, why not? - 5","If you are subscribed to the Beta mailing list, why not? - 6",What type of ATO Beta content are you interested in?,What type of ATO Beta content are you interested in? - 1,What type of ATO Beta content are you interested in? - 2,What type of ATO Beta content are you interested in? - 3,What type of ATO Beta content are you interested in? - 4,What type of ATO Beta content are you interested in? - 5,What type of ATO Beta content are you interested in? - 6,How satisfied are you with the ATO Beta website?,ATO Beta website: Why did you give this rating?,Have you ever started but not finished an ATO Beta test or survey? *,What was your reason for not finishing the ATO Beta test or survey?,What was your reason for not finishing the ATO Beta test or survey?,"How satisfied are you with our tests of new features, products and services?","Features, products and services: Why did you give this rating?",How satisfied are you with ATO Beta emails?,Email rating: Why did you give this rating?,When do you prefer to interact with ATO Beta content?,When do you prefer to interact with ATO Beta content? - 1,When do you prefer to interact with ATO Beta content? - 2,When do you prefer to interact with ATO Beta content? - 3,When do you prefer to interact with ATO Beta content? - 4,When do you prefer to interact with ATO Beta content? - 5,When do you prefer to interact with ATO Beta content? - 6,What time of day do you prefer to interact with ATO Beta?,What time of day do you prefer to interact with ATO Beta? - 1,What time of day do you prefer to interact with ATO Beta? - 2,What time of day do you prefer to interact with ATO Beta? - 3,On what devices do you prefer to view ATO Beta content?,On what devices do you prefer to view ATO Beta content? - 1,On what devices do you prefer to view ATO Beta content? - 2,On what devices do you prefer to view ATO Beta content? - 3,What can ATO Beta do to improve our service?,What type of content are you interested in?,What type of content are you interested in? - 1,What type of content are you interested in? - 2,What type of content are you interested in? - 3,What type of content are you interested in? - 4,What type of content are you interested in? - 5,What type of content are you interested in? - 6,When do you prefer to interact with digital content that is not directly related to your work?,When do you prefer to interact with digital content that is not directly related to your work? - 1,When do you prefer to interact with digital content that is not directly related to your work? - 2,When do you prefer to interact with digital content that is not directly related to your work? - 3,When do you prefer to interact with digital content that is not directly related to your work? - 4,When do you prefer to interact with digital content that is not directly related to your work? - 5,What time of day do you prefer to interact with digital content that is not directly related to your work?,What time of day do you prefer to interact with digital content that is not directly related to your work? - 1,What time of day do you prefer to interact with digital content that is not directly related to your work? - 2,What devices do you use to view digital content?,What devices do you use to view digital content? -1,What devices do you use to view digital content? - 2,What devices do you use to view digital content? - 3,Which age group do you belong to?,What is your occupation? *,Are you a: *,Which of the following best describes you?,Which of the following best describes you? - 1,Which of the following best describes you? - 2,Which of the following best describes you? - 3,Which of the following best describes you? - 4,Which of the following best describes you? - 5,Which of the following best describes you? - 6,Which of the following best describes you? - 7,How do you usually lodge your tax return?,How do you usually lodge your tax return? - 1,How do you usually lodge your tax return? - 2,How do you usually lodge your tax return? - 3,How do you usually lodge your tax return? - 4,Start Timestamp,End Timestamp,Total Time
2,C881S14_112,Complete,2017/07/13 12:08:00,2017/07/13 12:58:52,Yes,,,,,ATO newsletter,,,,Email,,,,Text message,,,,,,No,Yes,Once a week,,,,,,,,,,"Testing new features, products and services",Findings from tests,User research case studies,Usability and design tips,Updates on new ATO digital services,,,Satisfied,More information is better.,No,,,Satisfied,It is good ATO improves with new products or services.,Satisfied,Very clear message,,,,,,,I have no preference,,,,I have no preference,Mobile phone,,,Desktop Computer,More information such as the results of Beta test,,,,,,,,,,,,,,,,,,,,,46-65,Public Servant,ATO employee,Individual taxpayer,,,,,,,,online via myTax,,,,,2017-07-13 12:08:00,2017-07-13 12:58:52,0 days 00:50:52.000000000
3,C881S14_113,Complete,2017/07/13 12:08:55,2017/07/13 12:13:54,Not sure,,,,,ATO newsletter,,,,Email,,,,,,,Facebook,,,,Not sure,Fortnightly,,,,,,,,,,,,,Usability and design tips,Updates on new ATO digital services,,,Satisfied,,I havenÕt done a test,,,Neutral,,,,,,,,,,I have no preference,Morning,,,,,,Laptop,,,,,,,,,,,,,,,,,,,,,,,46-65,Retired,Neither,Individual taxpayer,,,,,,,,online via myTax,,,,,2017-07-13 12:08:55,2017-07-13 12:13:54,0 days 00:04:59.000000000
4,C881S14_118,Complete,2017/07/13 12:10:24,2017/07/13 13:19:13,Yes,,,,,,,Other,ato website,Email,,,,,,,,,,No,Yes,Once a month,,,,,,,,,,"Testing new features, products and services",Findings from tests,User research case studies,Usability and design tips,Updates on new ATO digital services,Other,community suggested updates or features the ato should consider,Unsatisfied,"mainly because the beta is not a ÕbetaÕ website for testing, its more of a survey place",Yes,Other,prefilled answers were not the way i would have answered. answers were to the ato liking only,Unsatisfied,"so far i have not been notified of any tests or new features for testing and i am on the beta mailing list. only thing i get emailed about are for surveys to be completed, which include loaded answers the ato wants but not what the user wants",Neutral,if it was more than just to fill out surveys i would be happier,,,,,,,I have no preference,,,,I have no preference,Mobile phone,,,Desktop Computer,have beta features to test.... good place to start i think???,,,,,,,,,,,,,,,,,,,,,26-45,tax agent,Neither,Individual taxpayer,Sole trader/self-employed,Tax agent,,,,Other,employee,,,through a tax agent,,,2017-07-13 12:10:24,2017-07-13 13:19:13,0 days 01:08:49.000000000
5,C881S14_121,Complete,2017/07/13 12:11:09,2017/07/13 12:13:59,Yes,,,,,ATO newsletter,,,,Email,,,,,,,,,,No,Yes,Once a month,,,,,,,,,,"Testing new features, products and services",,,,Updates on new ATO digital services,,,Neutral,,Yes,The test / survey wasnÕt what I was expecting,,Neutral,,Satisfied,,,,,,Friday,,,Morning,,,,,Tablet,,,,,,,,,,,,,,,,,,,,,,,,46-65,Administration,ATO employee,Individual taxpayer,,,,,,,,online via myTax,,,,,2017-07-13 12:11:09,2017-07-13 12:13:59,0 days 00:02:50.000000000
6,C881S14_123,Complete,2017/07/13 12:12:26,2017/07/13 12:14:56,Yes,,Facebook,,,ATO newsletter,,,,Email,,,,,,,Facebook,Twitter,LinkedIn,,Yes,More than once a week,,,,,,,,,,"Testing new features, products and services",Findings from tests,User research case studies,Usability and design tips,Updates on new ATO digital services,,,Very satisfied,,No,,,Very satisfied,,Very satisfied,,Monday,,,,,,,Morning,,,,,Tablet,,Desktop Computer,,,,,,,,,,,,,,,,,,,,,,26-45,Research/Project Officer,ATO employee,Individual taxpayer,,,,,,,,,,through a tax agent,,,2017-07-13 12:12:26,2017-07-13 12:14:56,0 days 00:02:30.000000000
7,C881S14_124,Complete,2017/07/13 12:13:11,2017/07/13 12:15:26,No,,,,,,Presentation,,,,,,,,,,,,,,,,,,,,,,,,,,,,,,,,,,,,,,,,,,,,,,,,,,,,,,,,,"Testing new features, products and services",Findings from tests,,,Updates on new ATO digital services,,,,,,,Friday,,,,Evening,Mobile phone,Tablet,,,46-65,Accountant,Neither,Individual taxpayer,,Tax agent,,,,,,online via myTax,,,,,2017-07-13 12:13:11,2017-07-13 12:15:26,0 days 00:02:15.000000000
8,C881S14_128,Complete,2017/07/13 12:14:20,2017/07/13 12:17:42,Yes,,,,,,,Other,Just surfing the web,Email,Facebook,,,,,,Facebook,,,,Yes,Fortnightly,,,,,,,,,,,Findings from tests,,,Updates on new ATO digital services,,,Satisfied,,Yes,The test / survey was too long,,Satisfied,,Neutral,,,,,,,Weekend,,Morning,,,,,,,Desktop Computer,,,,,,,,,,,,,,,,,,,,,,46-65,Driver,Neither,Individual taxpayer,,,,,,,,online via myTax,,,,,2017-07-13 12:14:20,2017-07-13 12:17:42,0 days 00:03:22.000000000
9,C881S14_129,Complete,2017/07/13 12:15:57,2017/07/13 12:20:05,Yes,,,,,,,Other,an email mentioned it,Email,,,,,,,,,,No,Yes,Once a month,,,,,,,,,,"Testing new features, products and services",,,,,,,,havenÕt used it other than the tests specifically emailed,Yes,The test / survey was too long,,Satisfied,there is never a redo of a previous test with improved features or feedback that nothing will change,Neutral,,,,,,,,I have no preference,,,Evening,,,,,Desktop Computer,,,,,,,,,,,,,,,,,,,,,,26-45,Accountant,Neither,,,Tax agent,,,,,,online via myTax,,,,,2017-07-13 12:15:57,2017-07-13 12:20:05,0 days 00:04:08.000000000
10,C881S14_131,Complete,2017/07/13 12:16:35,2017/07/13 12:19:13,Yes,Colleague or friend,,,,,,,,Email,,,,,,,Facebook,Twitter,,,Not sure,Once a week,,,,,,,,,,"Testing new features, products and services",Findings from tests,User research case studies,Usability and design tips,Updates on new ATO digital services,,,Satisfied,"It gives a good amount of information, but there could be more interactive things as well",No,,,Satisfied,,,,Monday,Tuesday,Wednesday,Thursday,Friday,,,Morning,Afternoon,,,,,,Desktop Computer,,,,,,,,,,,,,,,,,,,,,,18-25,Debt Collection Officer - EC ATO,ATO employee,Individual taxpayer,,,,,,,,online via myTax,,,,,2017-07-13 12:16:35,2017-07-13 12:19:13,0 days 00:02:38.000000000
11,C881S14_132,Complete,2017/07/13 12:18:50,2017/07/13 12:24:02,Yes,,,,,,,Other,ATO Open Forum,Email,,,,,,,,,,No,Not sure,Other,whenever something new is available to test,,,,,,,,,"Testing new features, products and services",,,Usability and design tips,Updates on new ATO digital services,,,Satisfied,,No,,,Satisfied,,,,,,,,,,I have no preference,,,Evening,,,,Laptop,,,,,,,,,,,,,,,,,,,,,,,46-65,Bookkeeper,Neither,Individual taxpayer,Sole trader/self-employed,,Small business,,,Other,BAS Agent,,,through a tax agent,,,2017-07-13 12:18:50,2017-07-13 12:24:02,0 days 00:05:12.000000000
12,C881S14_133,Complete,2017/07/13 12:20:47,2017/07/13 12:25:47,Yes,,,,,ATO newsletter,,Other,email from ato,Email,,,,,,,,,,No,Yes,Other,when there are changes,,,,,,,,,"Testing new features, products and services",,,Usability and design tips,Updates on new ATO digital services,,,Neutral,havenÕt used it too much,No,,,Unsatisfied,The new simplified BAS system is not an improvement and I would have hoped that Beta testing would have identified this and resulted in changes before release,Satisfied,,,,,,,,I have no preference,Morning,,,,,,,Desktop Computer,,,,,,,,,,,,,,,,,,,,,,46-65,Accountant and BAS Agent,Neither,Individual taxpayer,,,Small business,,,Other,BAS Agent (I have 2 jobs),,,through a tax agent,,,2017-07-13 12:20:47,2017-07-13 12:25:47,0 days 00:05:00.000000000
13,C881S14_135,Complete,2017/07/13 12:22:54,2017/07/13 12:28:15,Yes,,,,,ATO newsletter,,Other,"Email from the ATO, I think",Email,,,,,,,Facebook,,,,Yes,Other,Whenever,,,,,,,,,"Testing new features, products and services",Findings from tests,,,Updates on new ATO digital services,,,Satisfied,,Yes,The test / survey was difficult to complete,,Satisfied,ItÕs promising.  I like the way I can view BASÕs etc on the TAP when itÕs working properly,Neutral,I really donÕt have an answer,,,,,,,I have no preference,,,,I have no preference,,,Laptop,,,,,,,,,,,,,,,,,,,,,,,46-65,Tax Agent,Neither,,,Tax agent,,,,,,,,through a tax agent,,,2017-07-13 12:22:54,2017-07-13 12:28:15,0 days 00:05:21.000000000
14,C881S14_138,Complete,2017/07/13 12:24:35,2017/07/13 12:30:02,Yes,,,,,,,Other,myATO,Email,,,,,,,,,,No,Yes,Fortnightly,,,,,,,,,,"Testing new features, products and services",Findings from tests,User research case studies,Usability and design tips,Updates on new ATO digital services,,,Satisfied,,No,,,Neutral,,Neutral,,,,,,,,I have no preference,,,,I have no preference,,,,Desktop Computer,,,,,,,,,,,,,,,,,,,,,,46-65,Public Servant,ATO employee,Individual taxpayer,,,,,,,,,,,,prefer not to say,2017-07-13 12:24:35,2017-07-13 12:30:02,0 days 00:05:27.000000000
15,C881S14_139,Complete,2017/07/13 12:24:56,2017/07/13 12:27:41,Yes,,,,,,,Other,Email from ATO?,Email,,,,,,,,,,No,Yes,Once a month,,,,,,,,,,"Testing new features, products and services",Findings from tests,,Usability and design tips,Updates on new ATO digital services,,,Neutral,,Yes,The test / survey was difficult to complete,,Neutral,,Neutral,,Monday,,,,,,,Morning,,,,,,,Desktop Computer,Make the tests easier to complete,,,,,,,,,,,,,,,,,,,,,26-45,Accountant,Neither,,,Tax agent,,,,,,online via myTax,,,,,2017-07-13 12:24:56,2017-07-13 12:27:41,0 days 00:02:45.000000000
16,C881S14_145,Complete,2017/07/13 12:35:30,2017/07/13 12:39:30,Yes,Colleague or friend,,,,,,,,Email,,,,,,,,,,No,Yes,Once a month,,,,,,,,,,"Testing new features, products and services",Findings from tests,,,,,,Satisfied,,Yes,Other,Other pressing work comitments,Satisfied,,Satisfied,,,,,,,,I have no preference,,Afternoon,,,,,,Desktop Computer,,,,,,,,,,,,,,,,,,,,,,46-65,Office Manager,Neither,Individual taxpayer,,,Small business,,,,,online via myTax,,,,,2017-07-13 12:35:30,2017-07-13 12:39:30,0 days 00:04:00.000000000
17,C881S14_146,Complete,2017/07/13 12:36:09,2017/07/13 13:05:30,Yes,Colleague or friend,,,,,,,,Email,,,,,,,,,,No,Yes,Once a month,,,,,,,,,,"Testing new features, products and services",,,,Updates on new ATO digital services,,,Satisfied,,No,,,Satisfied,,Satisfied,,,,,,,,I have no preference,Morning,,,,Mobile phone,,Laptop,Desktop Computer,,,,,,,,,,,,,,,,,,,,,,26-45,Statistician,Neither,Individual taxpayer,,,,,,,,online via myTax,,,,,2017-07-13 12:36:09,2017-07-13 13:05:30,0 days 00:29:21.000000000
18,C881S14_148,Complete,2017/07/13 12:37:52,2017/07/13 12:41:09,Yes,,,,,ATO newsletter,,,,Email,,,,,,,Facebook,,,,Yes,Fortnightly,,,,,,,,,,"Testing new features, products and services",Findings from tests,User research case studies,,Updates on new ATO digital services,,,Satisfied,,No,,,Very satisfied,,Very satisfied,,,,,,,,I have no preference,,,,I have no preference,,,,Desktop Computer,,,,,,,,,,,,,,,,,,,,,,26-45,Case Officer,ATO employee,Individual taxpayer,,,,,,,,online via myTax,,,,,2017-07-13 12:37:52,2017-07-13 12:41:09,0 days 00:03:17.000000000
19,C881S14_149,Complete,2017/07/13 12:38:42,2017/07/13 12:42:24,Yes,,,,,ATO newsletter,,,,Email,,,,,,,,,,No,Yes,Once a month,,,,,,,,,,,,,Usability and design tips,,,,Neutral,,Yes,The test / survey was difficult to complete,,Neutral,,Neutral,,,,,,,,I have no preference,,,,I have no preference,,,,Desktop Computer,Make is clear what you are asking about so a sensible decision can be made to investigate.,,,,,,,,,,,,,,,,,,,,,Older than 65,tax agent,Neither,,,Tax agent,,,,,,,,through a tax agent,,,2017-07-13 12:38:42,2017-07-13 12:42:24,0 days 00:03:42.000000000
20,C881S14_150,Complete,2017/07/13 12:55:59,2017/07/13 12:59:22,Yes,,,,,,,Other,do not recall,Email,,,,,,,,,,No,Yes,Other,when there is a new product to test,,,,,,,,,"Testing new features, products and services",,,,,,,Neutral,Not enough experience to rate it any other way,No,,,Neutral,as above,Neutral,as above,,,,,,,I have no preference,,,,I have no preference,,,,Desktop Computer,Not aware at this time,,,,,,,,,,,,,,,,,,,,,Older than 65,Tax Agent,Neither,Individual taxpayer,Sole trader/self-employed,Tax agent,Small business,,,,,,,through a tax agent,,,2017-07-13 12:55:59,2017-07-13 12:59:22,0 days 00:03:23.000000000
21,C881S14_153,Complete,2017/07/13 13:04:56,2017/07/13 13:07:35,No,,,,,,,Other,Internet research,,,,,,,,,,,,,,,,,,,,,,,,,,,,,,,,,,,,,,,,,,,,,,,,,,,,,,,"Testing new features, products and services",Findings from tests,,,Updates on new ATO digital services,,,,,,Thursday,Friday,,,Afternoon,,,,Laptop,Desktop Computer,26-45,Financial advice consultant,Neither,Individual taxpayer,,,,,,,,online via myTax,,,,,2017-07-13 13:04:56,2017-07-13 13:07:35,0 days 00:02:39.000000000
22,C881S14_155,Complete,2017/07/13 13:07:07,2017/07/13 13:10:27,Yes,Colleague or friend,,,,,,,,,,,,Text message,,,,,,No,Not sure,Once a month,,,,,,,,,,"Testing new features, products and services",Findings from tests,User research case studies,Usability and design tips,Updates on new ATO digital services,,,Neutral,I donÕt look at the website,No,,,Neutral,,,,,,,,Friday,,,,Afternoon,,,Mobile phone,,,Desktop Computer,,,,,,,,,,,,,,,,,,,,,,46-65,Administration Support Officer,ATO employee,Individual taxpayer,,,,,,,,online via myTax,,,,,2017-07-13 13:07:07,2017-07-13 13:10:27,0 days 00:03:20.000000000
23,C881S14_156,Complete,2017/07/13 13:23:01,2017/07/13 13:27:32,Yes,,,,,ATO newsletter,,,,Email,,,,,,,,,,No,Yes,Fortnightly,,,,,,,,,,"Testing new features, products and services",Findings from tests,User research case studies,Usability and design tips,Updates on new ATO digital services,,,,,No,,,Neutral,,Satisfied,,Monday,Tuesday,Wednesday,Thursday,Friday,,,,,,I have no preference,,,Laptop,,Deliver a real beta where user can do real transactions,,,,,,,,,,,,,,,,,,,,,46-65,Director,Neither,,,,Small business,,,,,,,through a tax agent,,,2017-07-13 13:23:01,2017-07-13 13:27:32,0 days 00:04:31.000000000
24,C881S14_158,Complete,2017/07/13 13:28:25,2017/07/13 15:46:30,Yes,Colleague or friend,,,,,,,,Email,,,,,,,,,,No,Yes,Once a month,,,,,,,,,,"Testing new features, products and services",Findings from tests,User research case studies,Usability and design tips,Updates on new ATO digital services,,,Satisfied,,Yes,Other,Got lost or asked for too much detail,Neutral,,Neutral,,Monday,,,,,,,,,,I have no preference,,,,Desktop Computer,,,,,,,,,,,,,,,,,,,,,,,ATO Employee,ATO employee,Individual taxpayer,,,,,,,,,,through a tax agent,,,2017-07-13 13:28:25,2017-07-13 15:46:30,0 days 02:18:05.000000000
25,C881S14_159,Complete,2017/07/13 13:41:53,2017/07/13 13:44:58,Yes,Colleague or friend,,,,,,,,Email,,,,,,,Facebook,Twitter,LinkedIn,,Yes,Fortnightly,,,,,,,,,,"Testing new features, products and services",Findings from tests,User research case studies,,Updates on new ATO digital services,,,Satisfied,,No,,,Satisfied,,Satisfied,,,,Wednesday,,,,,,Afternoon,,,,Tablet,,,,,,,,,,,,,,,,,,,,,,,,46-65,Manager,ATO employee,Individual taxpayer,,,,,,,,online via myTax,,,,,2017-07-13 13:41:53,2017-07-13 13:44:58,0 days 00:03:05.000000000
27,C881S14_166,Complete,2017/07/13 14:14:54,2017/07/13 14:24:48,Yes,,,,,ATO newsletter,,,,Email,,,,,,,,,,No,Not sure,Once a month,,,,,,,,,,"Testing new features, products and services",,User research case studies,,Updates on new ATO digital services,,,Neutral,,Yes,The test / survey was difficult to complete,,Neutral,,,,,,,,,,I have no preference,,,,I have no preference,,,,Desktop Computer,"With the surveys as in this one, you can put a back button on it. At this stage I am ok with it.",,,,,,,,,,,,,,,,,,,,,46-65,APS6 team leader in Service Delivery contact centre,ATO employee,Individual taxpayer,,,,,,,,online via myTax,,,,,2017-07-13 14:14:54,2017-07-13 14:24:48,0 days 00:09:54.000000000
28,C881S14_167,Complete,2017/07/13 14:24:49,2017/07/13 14:28:50,Yes,,,,,ATO newsletter,,,,Email,,,,,,,Facebook,Twitter,LinkedIn,,Yes,Once a month,,,,,,,,,,"Testing new features, products and services",,,Usability and design tips,Updates on new ATO digital services,,,Neutral,Room for improvement,Yes,The test / survey was too long,,Satisfied,like being able to give feedback,Satisfied,not too many,,,,,,,I have no preference,,,,I have no preference,,,Laptop,Desktop Computer,,,,,,,,,,,,,,,,,,,,,,46-65,Accountant and tax agent,Neither,Individual taxpayer,Sole trader/self-employed,Tax agent,Small business,,,,,,,through a tax agent,,,2017-07-13 14:24:49,2017-07-13 14:28:50,0 days 00:04:01.000000000
29,C881S14_168,Complete,2017/07/13 14:31:57,2017/07/13 14:38:00,Yes,,,,,,,Other,Can not remember.  Quite a while back.,Email,,,,,,,,,,No,Yes,Once a month,,,,,,,,,,"Testing new features, products and services",,User research case studies,,Updates on new ATO digital services,,,Satisfied,I am happy to help out in testing new aspects of the ATO website.,No,,,Neutral,,Very satisfied,,,,,,,,I have no preference,Morning,Afternoon,,,,,,Desktop Computer,,,,,,,,,,,,,,,,,,,,,,46-65,Retired.  With investments.,Neither,Individual taxpayer,,,,,,,,online via myTax,,,,,2017-07-13 14:31:57,2017-07-13 14:38:00,0 days 00:06:03.000000000
30,C881S14_169,Complete,2017/07/13 14:32:14,2017/07/13 14:34:35,Yes,,,,,ATO newsletter,,,,Email,,,,,,,Facebook,,,,Yes,Once a month,,,,,,,,,,"Testing new features, products and services",Findings from tests,,Usability and design tips,Updates on new ATO digital services,,,Satisfied,,No,,,Very unsatisfied,,Satisfied,,,,,Thursday,,,,Morning,,,,Mobile phone,,,,,,,,,,,,,,,,,,,,,,,,,46-65,Stud,Neither,Individual taxpayer,,,Small business,,,,,,,through a tax agent,,,2017-07-13 14:32:14,2017-07-13 14:34:35,0 days 00:02:21.000000000
31,C881S14_170,Complete,2017/07/13 14:55:52,2017/07/13 15:02:16,Yes,,,,,ATO newsletter,,,,Email,,,,Text message,,,Facebook,,,,Yes,Once a week,,,,,,,,,,"Testing new features, products and services",Findings from tests,,Usability and design tips,Updates on new ATO digital services,,,Very satisfied,lots of information. clear and easy to understand. good balance between graphics and text.,No,,,Satisfied,canÕt think of anything wrong with it or canÕt think of anything that needs improving.,Satisfied,"overall feeling, nothing specific comes to mind.",,,,,,,I have no preference,,,,I have no preference,Mobile phone,,,Desktop Computer,nothing that I can think of at the present time. all good.,,,,,,,,,,,,,,,,,,,,,46-65,driver,Neither,Individual taxpayer,,,,,,,,,,through a tax agent,,,2017-07-13 14:55:52,2017-07-13 15:02:16,0 days 00:06:24.000000000
32,C881S14_173,Complete,2017/07/13 15:00:12,2017/07/13 15:05:08,Yes,Colleague or friend,,,,,,,,Email,,,,,,,Facebook,,LinkedIn,,Yes,Once a month,,,,,,,,,,"Testing new features, products and services",Findings from tests,User research case studies,Usability and design tips,,,,Satisfied,,No,,,Satisfied,Would like to see more,Satisfied,Nice puns,,,,,,,I have no preference,,,,I have no preference,,,,Desktop Computer,More information on what happened with tests. What impacts to digital services have been made due to Beta?,,,,,,,,,,,,,,,,,,,,,26-45,Manager at ATO,ATO employee,Individual taxpayer,,,,,,,,online via myTax,,,,,2017-07-13 15:00:12,2017-07-13 15:05:08,0 days 00:04:56.000000000
33,C881S14_177,Complete,2017/07/13 15:07:49,2017/07/13 15:10:30,Yes,,,,,ATO newsletter,,,,Email,,,,,,,,,LinkedIn,,Not sure,Once a month,,,,,,,,,,"Testing new features, products and services",,,Usability and design tips,Updates on new ATO digital services,,,Neutral,,I havenÕt done a test,,,Neutral,,,,,Tuesday,,,,,,Morning,,,,,,,Desktop Computer,,,,,,,,,,,,,,,,,,,,,,26-45,Lawyer,Neither,Individual taxpayer,,,,,,,,,,through a tax agent,,,2017-07-13 15:07:49,2017-07-13 15:10:30,0 days 00:02:41.000000000
34,C881S14_178,Complete,2017/07/13 15:07:50,2017/07/13 15:10:12,Yes,Colleague or friend,,,,,,,,Email,,,,,,,,,,No,Not sure,Fortnightly,,,,,,,,,,"Testing new features, products and services",Findings from tests,User research case studies,Usability and design tips,,,,Neutral,,No,,,Satisfied,,,,Monday,Tuesday,Wednesday,Thursday,,,,Morning,,,,,,,Desktop Computer,,,,,,,,,,,,,,,,,,,,,,18-25,UX Designer,Neither,Individual taxpayer,,,,,,,,online via myTax,,,,,2017-07-13 15:07:50,2017-07-13 15:10:12,0 days 00:02:22.000000000
35,C881S14_183,Complete,2017/07/13 15:08:27,2017/07/13 15:13:29,Yes,,,,,ATO newsletter,,,,Email,,,,,,,Facebook,,LinkedIn,,Yes,Fortnightly,,,,,,,,,,"Testing new features, products and services",,,,Updates on new ATO digital services,,,Satisfied,,Yes,Other,Got distracted with something else.,Satisfied,,Satisfied,,Monday,Tuesday,Wednesday,Thursday,Friday,,,,Afternoon,,,,,Laptop,,,,,,,,,,,,,,,,,,,,,,,46-65,Travel Consultant,Neither,,Sole trader/self-employed,,,,,,,online via myTax,,,,,2017-07-13 15:08:27,2017-07-13 15:13:29,0 days 00:05:02.000000000
36,C881S14_185,Complete,2017/07/13 15:08:45,2017/07/13 15:16:13,Yes,,,,,ATO newsletter,,,,Email,,,,,,,,,,No,Yes,Once a month,,,,,,,,,,"Testing new features, products and services",,,,Updates on new ATO digital services,,,Satisfied,I only use it when I get testing,No,,,Satisfied,,Satisfied,,,,,,Friday,,,Morning,,,,,,,Desktop Computer,,,,,,,,,,,,,,,,,,,,,,26-45,Review Officer,ATO employee,Individual taxpayer,,,,,,,,online via myTax,,,,,2017-07-13 15:08:45,2017-07-13 15:16:13,0 days 00:07:28.000000000
37,C881S14_186,Complete,2017/07/13 15:10:13,2017/07/13 15:24:30,Yes,,,,,,,Other,Chartered Accountants ANZ,Email,,,,,,,,,,No,Yes,Once a month,,,,,,,,,,"Testing new features, products and services",Findings from tests,,Usability and design tips,,,,Satisfied,ItÕs good that it exists ... but IÕve never received any feedback on how my input may have been taken into account.,No,,,Satisfied,,Satisfied,,Monday,Tuesday,,Thursday,Friday,,,Morning,Afternoon,,,,,,Desktop Computer,,,,,,,,,,,,,,,,,,,,,,26-45,Finance Manager,Neither,,,,Small business,,,,,,,through a tax agent,,,2017-07-13 15:10:13,2017-07-13 15:24:30,0 days 00:14:17.000000000
38,C881S14_189,Complete,2017/07/13 15:10:15,2017/07/13 15:12:05,No,,,,,ATO newsletter,,,,,,,,,,,,,,,,,,,,,,,,,,,,,,,,,,,,,,,,,,,,,,,,,,,,,,,,,,"Testing new features, products and services",Findings from tests,User research case studies,Usability and design tips,Updates on new ATO digital services,,,,,,,Friday,Weekend,Morning,,,Mobile phone,,Laptop,,46-65,Bookkeeper,Neither,,,Tax agent,Small business,,,,,,,through a tax agent,,,2017-07-13 15:10:15,2017-07-13 15:12:05,0 days 00:01:50.000000000
39,C881S14_190,Complete,2017/07/13 15:10:19,2017/07/13 15:12:15,Yes,,,,,,,Other,Twitter,Email,,,,,,,,Twitter,,,Yes,Once a week,,,,,,,,,,"Testing new features, products and services",Findings from tests,User research case studies,Usability and design tips,Updates on new ATO digital services,,,Very satisfied,,No,,,Very satisfied,,Very satisfied,,,,,,,,I have no preference,,,Evening,,Mobile phone,,Laptop,,,,,,,,,,,,,,,,,,,,,,,26-45,Public servant,ATO employee,Individual taxpayer,,,,,,,,online via myTax,,,,,2017-07-13 15:10:19,2017-07-13 15:12:15,0 days 00:01:56.000000000
40,C881S14_191,Complete,2017/07/13 15:10:56,2017/07/13 15:12:56,Yes,,Facebook,,,,,,,Email,Facebook,,,,,,Facebook,,,,Yes,Once a month,,,,,,,,,,"Testing new features, products and services",Findings from tests,User research case studies,Usability and design tips,Updates on new ATO digital services,,,Satisfied,,I havenÕt done a test,,,,,Satisfied,,,,,,,,I have no preference,,,,I have no preference,Mobile phone,Tablet,,,,,,,,,,,,,,,,,,,,,,,,26-45,BAS Agent,Neither,Individual taxpayer,,,Small business,,,Other,BAS Agent,,,through a tax agent,,,2017-07-13 15:10:56,2017-07-13 15:12:56,0 days 00:02:00.000000000
41,C881S14_194,Complete,2017/07/13 15:12:21,2017/07/13 15:14:54,Yes,,,,,ATO newsletter,,,,Email,,,,,,,Facebook,,,,Not sure,Fortnightly,,,,,,,,,,"Testing new features, products and services",Findings from tests,User research case studies,Usability and design tips,Updates on new ATO digital services,,,Satisfied,,Yes,The test / survey was difficult to complete,,Satisfied,,,,,,,,,,I have no preference,,,,I have no preference,,,,Desktop Computer,,,,,,,,,,,,,,,,,,,,,,46-65,ATO officer,ATO employee,Individual taxpayer,,,,,,,,online via myTax,,,,,2017-07-13 15:12:21,2017-07-13 15:14:54,0 days 00:02:33.000000000
42,C881S14_198,Complete,2017/07/13 15:14:40,2017/07/13 15:19:51,Yes,,,,,ATO newsletter,,,,Email,,,,,,,Facebook,,LinkedIn,,Not sure,Once a week,,,,,,,,,,"Testing new features, products and services",Findings from tests,User research case studies,,Updates on new ATO digital services,,,Neutral,,No,,,Satisfied,,,,,,,,,,I have no preference,Morning,,,,,,,Desktop Computer,,,,,,,,,,,,,,,,,,,,,,46-65,Chartered Accountant,Neither,Individual taxpayer,Sole trader/self-employed,Tax agent,Small business,,,,,,,through a tax agent,,,2017-07-13 15:14:40,2017-07-13 15:19:51,0 days 00:05:11.000000000
43,C881S14_199,Complete,2017/07/13 15:15:17,2017/07/13 15:17:53,Yes,Colleague or friend,,,,ATO newsletter,,,,Email,,,,,,,Facebook,,,,Yes,Once a week,,,,,,,,,,"Testing new features, products and services",Findings from tests,User research case studies,Usability and design tips,Updates on new ATO digital services,,,Satisfied,,No,,,Satisfied,,Satisfied,,,,,,,,I have no preference,,,,I have no preference,,,,Desktop Computer,,,,,,,,,,,,,,,,,,,,,,26-45,HR Officer,ATO employee,Individual taxpayer,,,,,,,,online via myTax,,,,,2017-07-13 15:15:17,2017-07-13 15:17:53,0 days 00:02:36.000000000
44,C881S14_202,Complete,2017/07/13 15:19:27,2017/07/13 15:54:20,Yes,,,,,,Presentation,,,Email,,,,,,,Facebook,,,,Yes,Once a week,,,,,,,,,,,,,,Updates on new ATO digital services,,,Neutral,,Yes,The test / survey wasnÕt what I was expecting,,Satisfied,,Satisfied,,,,Wednesday,,,,,,Afternoon,,,,,Laptop,,,,,,,,,,,,,,,,,,,,,,,26-45,Department Manager,Neither,Individual taxpayer,,,,,,,,,,through a tax agent,,,2017-07-13 15:19:27,2017-07-13 15:54:20,0 days 00:34:53.000000000
45,C881S14_203,Complete,2017/07/13 15:19:55,2017/07/13 15:22:37,Yes,,,,,,,Other,email,Email,,,,,,,,,,No,Yes,Once a month,,,,,,,,,,,,,Usability and design tips,Updates on new ATO digital services,,,Neutral,,Yes,The test / survey was too long,,Neutral,,Neutral,,,,,,,,I have no preference,,,,I have no preference,,,,Desktop Computer,,,,,,,,,,,,,,,,,,,,,,46-65,Office Administrator,Neither,,,Tax agent,,,,,,online via myTax,,,,,2017-07-13 15:19:55,2017-07-13 15:22:37,0 days 00:02:42.000000000
46,C881S14_205,Complete,2017/07/13 15:21:53,2017/07/13 15:26:13,Yes,Colleague or friend,,,,ATO newsletter,Presentation,,,Email,,,,,,,Facebook,,LinkedIn,,Not sure,Fortnightly,,,,,,,,,,"Testing new features, products and services",,User research case studies,,Updates on new ATO digital services,,,Satisfied,,No,,,Neutral,,,,,,,,,,I have no preference,,,,I have no preference,,,,Desktop Computer,,,,,,,,,,,,,,,,,,,,,,46-65,APS,ATO employee,Individual taxpayer,,,,,,,,online via myTax,,,,,2017-07-13 15:21:53,2017-07-13 15:26:13,0 days 00:04:20.000000000
47,C881S14_206,Complete,2017/07/13 15:24:16,2017/07/13 15:28:21,Not sure,,,,,ATO newsletter,,,,Email,,,,,,,,,,No,Yes,Once a month,,,,,,,,,,,,,,Updates on new ATO digital services,,,,,I havenÕt done a test,,,,,Neutral,,,,,,,,I have no preference,,,,I have no preference,,,Laptop,,,,,,,,,,,,,,,,,,,,,,,Older than 65,electrical cathodic protection,Neither,,Sole trader/self-employed,,,,,,,,,through a tax agent,,,2017-07-13 15:24:16,2017-07-13 15:28:21,0 days 00:04:05.000000000
48,C881S14_209,Complete,2017/07/13 15:24:40,2017/07/13 15:29:46,Yes,Colleague or friend,,,,,,,,Email,,,,,,,Facebook,,,,Yes,Other,Quarterly,,,,,,,,,"Testing new features, products and services",Findings from tests,,,,,,Satisfied,"Quick and easy, even gives a time estimate of test. It is a little hard sometimes to see what IÕm meant to be looking for, but I donÕt know how to improve that.",Yes,Other,I didnÕt really understand what i was testing half way through,Very satisfied,,Very satisfied,,Monday,Tuesday,,,,,,Morning,,,,,Tablet,,Desktop Computer,,,,,,,,,,,,,,,,,,,,,,26-45,I work at the ATO - El1 in digital services,ATO employee,Individual taxpayer,,,,,,,,online via myTax,,,,,2017-07-13 15:24:40,2017-07-13 15:29:46,0 days 00:05:06.000000000
49,C881S14_210,Complete,2017/07/13 15:25:49,2017/07/13 15:29:12,Yes,Colleague or friend,,,,,,,,Email,,,,,,,,,,No,Yes,Once a month,,,,,,,,,,"Testing new features, products and services",Findings from tests,User research case studies,,,,,,,No,,,Satisfied,,Satisfied,,Monday,Tuesday,Wednesday,Thursday,Friday,,,,,,I have no preference,Mobile phone,,,Desktop Computer,,,,,,,,,,,,,,,,,,,,,,26-45,UI/UX designer,ATO employee,Individual taxpayer,Sole trader/self-employed,,Small business,,,,,online via myTax,,through a tax agent,,,2017-07-13 15:25:49,2017-07-13 15:29:12,0 days 00:03:23.000000000
50,C881S14_211,Complete,2017/07/13 15:26:11,2017/07/13 15:29:35,Not sure,,,,,ATO newsletter,,,,Email,,,,,,,,Twitter,,,Not sure,Once a week,,,,,,,,,,,,,,Updates on new ATO digital services,,,,DonÕt go on there,I havenÕt done a test,,,,,,,,,,,,,I have no preference,Morning,,,,,Tablet,Laptop,,DonÕt know.,,,,,,,,,,,,,,,,,,,,,46-65,Tax Agent,Neither,,,Tax agent,,,,,,,,through a tax agent,,,2017-07-13 15:26:11,2017-07-13 15:29:35,0 days 00:03:24.000000000
51,C881S14_212,Complete,2017/07/13 15:28:30,2017/07/13 15:31:54,Yes,Colleague or friend,,,,,,,,Email,,,,,,,Facebook,,,,Yes,Fortnightly,,,,,,,,,,"Testing new features, products and services",Findings from tests,User research case studies,Usability and design tips,Updates on new ATO digital services,,,Neutral,I dont want any testing to take too long.   It just makes me abandon it.,Yes,The test / survey was too long,,Neutral,Havent used this for a while,Neutral,,,,,,,,I have no preference,,,,I have no preference,Mobile phone,,Laptop,,Easy and quick to use. Keep it extremely simple. Have it mobile friendly,,,,,,,,,,,,,,,,,,,,,26-45,Book keeper.,Neither,,Sole trader/self-employed,Tax agent,,,,,,,,through a tax agent,,,2017-07-13 15:28:30,2017-07-13 15:31:54,0 days 00:03:24.000000000
52,C881S14_213,Complete,2017/07/13 15:28:36,2017/07/13 15:31:19,Yes,,,,,ATO newsletter,,,,Email,Facebook,,,,,,Facebook,,,,Yes,Once a week,,,,,,,,,,"Testing new features, products and services",,,,,,,Neutral,,No,,,Neutral,,Neutral,,,,,,,,I have no preference,,,,I have no preference,,,Laptop,,,,,,,,,,,,,,,,,,,,,,,46-65,Accountant,Neither,,,Tax agent,,,,,,,,through a tax agent,,,2017-07-13 15:28:36,2017-07-13 15:31:19,0 days 00:02:43.000000000
53,C881S14_215,Complete,2017/07/13 15:29:08,2017/07/13 15:32:18,Yes,,,,,,,Other,ato.gov.au,Email,,,,,,,,Twitter,,,Yes,Once a month,,,,,,,,,,"Testing new features, products and services",,,,Updates on new ATO digital services,,,Neutral,"To be honest I havenÕt been asked to provide much input, so I havenÕt had a chance to use ATO Beta much.",No,,,,Not sure what the new features are,Satisfied,,Monday,Tuesday,Wednesday,Thursday,Friday,,,Morning,,,,,,,Desktop Computer,,,,,,,,,,,,,,,,,,,,,,26-45,Accountant,ATO employee,Individual taxpayer,,,,,,,,online via myTax,,,,,2017-07-13 15:29:08,2017-07-13 15:32:18,0 days 00:03:10.000000000
54,C881S14_216,Complete,2017/07/13 15:29:38,2017/07/13 15:33:33,Yes,,,,,,Presentation,,,Email,,,,,,,,,,No,Yes,Once a week,,,,,,,,,,"Testing new features, products and services",Findings from tests,User research case studies,Usability and design tips,Updates on new ATO digital services,Other,focus groups,Satisfied,Interesting and professional,No,,,Neutral,,Neutral,,,,,,,,I have no preference,,,,I have no preference,,,,Desktop Computer,organize focus groups,,,,,,,,,,,,,,,,,,,,,Older than 65,translator,Government employee (non ATO),,Sole trader/self-employed,,,,,,,online via myTax,,,,,2017-07-13 15:29:38,2017-07-13 15:33:33,0 days 00:03:55.000000000
55,C881S14_217,Complete,2017/07/13 15:32:55,2017/07/13 15:35:50,Yes,Colleague or friend,,,,,,,,Email,,,LinkedIn,,,,,,,No,Yes,Fortnightly,,,,,,,,,,"Testing new features, products and services",Findings from tests,User research case studies,Usability and design tips,,,,Satisfied,"ItÕs good, but could do with a fresh coat of paint",No,,,Very satisfied,They are great,Satisfied,DonÕt come at consistent times,Monday,,,,Friday,,,Morning,Afternoon,,,Mobile phone,,,Desktop Computer,More tests and posts about ATO Content,,,,,,,,,,,,,,,,,,,,,26-45,Consultant,Neither,Individual taxpayer,,,,,,,,,,through a tax agent,,,2017-07-13 15:32:55,2017-07-13 15:35:50,0 days 00:02:55.000000000
56,C881S14_219,Complete,2017/07/13 15:33:42,2017/07/13 15:36:48,No,,,,,,,Other,Found via SharePoint,,,,,,,,,,,,,,,,,,,,,,,,,,,,,,,,,,,,,,,,,,,,,,,,,,,,,,,"Testing new features, products and services",Findings from tests,User research case studies,Usability and design tips,Updates on new ATO digital services,,,,,Wednesday,,,,Morning,,,Mobile phone,Tablet,,Desktop Computer,26-45,Project Manager,ATO employee,Individual taxpayer,,,,,,,,online via myTax,,,,,2017-07-13 15:33:42,2017-07-13 15:36:48,0 days 00:03:06.000000000
57,C881S14_221,Complete,2017/07/13 15:33:47,2017/07/13 15:36:05,No,,,,,ATO newsletter,,,,,,,,,,,,,,,,,,,,,,,,,,,,,,,,,,,,,,,,,,,,,,,,,,,,,,,,,,,,,,Updates on new ATO digital services,,,,,,,,Weekend,,,Evening,,,,Desktop Computer,46-65,clerk,ATO employee,Individual taxpayer,,,,,,,,online via myTax,,,,,2017-07-13 15:33:47,2017-07-13 15:36:05,0 days 00:02:18.000000000
58,C881S14_223,Complete,2017/07/13 15:35:16,2017/07/13 15:40:12,Yes,,,,,ATO newsletter,,,,Email,,,,,,,,,,No,Yes,Once a week,,,,,,,,,,,Findings from tests,User research case studies,Usability and design tips,Updates on new ATO digital services,,,Neutral,WAS USED TOUSING OLD SITE,No,,,Satisfied,Eventually navigated site,Satisfied,Self explanatory,,,,Thursday,,,,Morning,,,,,,,Desktop Computer,,,,,,,,,,,,,,,,,,,,,,Older than 65,Tax agent,Neither,,,Tax agent,,,,,,,,through a tax agent,,,2017-07-13 15:35:16,2017-07-13 15:40:12,0 days 00:04:56.000000000
59,C881S14_226,Complete,2017/07/13 15:36:20,2017/07/13 15:40:39,Yes,,,,,,Presentation,Other,Email to participate,Email,,,,,,,Facebook,,LinkedIn,,Not sure,Other,only when necessary,,,,,,,,,"Testing new features, products and services",,,Usability and design tips,Updates on new ATO digital services,,,Neutral,DonÕt go to website often,No,,,Satisfied,IÕm not a tech person and have been able to navigate through the tests successfully (I think),,,,,,,Friday,,,Morning,Afternoon,,,,Tablet,,Desktop Computer,,,,,,,,,,,,,,,,,,,,,,46-65,Finance Director,ATO employee,Individual taxpayer,,,,,,,,online via myTax,,,,,2017-07-13 15:36:20,2017-07-13 15:40:39,0 days 00:04:19.000000000
60,C881S14_227,Complete,2017/07/13 15:36:26,2017/07/13 15:52:12,Yes,,,,,ATO newsletter,,,,Email,Facebook,,,,,,Facebook,,,,Yes,Once a month,,,,,,,,,,"Testing new features, products and services",,,Usability and design tips,Updates on new ATO digital services,,,Satisfied,It is adequate for the purpose,No,,,Neutral,sometimes they are a bit opaque to figure out,Satisfied,they are to the point,,,,,,Weekend,,,,,I have no preference,Mobile phone,Tablet,Laptop,Desktop Computer,Unsure,,,,,,,,,,,,,,,,,,,,,46-65,public servant,Government employee (non ATO),Individual taxpayer,,,,,,,,online via myTax,,,,,2017-07-13 15:36:26,2017-07-13 15:52:12,0 days 00:15:46.000000000
61,C881S14_229,Complete,2017/07/13 15:37:39,2017/07/13 15:40:47,Yes,Colleague or friend,,,,,,,,Email,,,,,,,Facebook,,,,Yes,Once a week,,,,,,,,,,"Testing new features, products and services",Findings from tests,User research case studies,Usability and design tips,Updates on new ATO digital services,,,Satisfied,,Yes,The test / survey wasnÕt what I was expecting,,Satisfied,,Satisfied,,,,,Thursday,Friday,,,,Afternoon,,,,,,Desktop Computer,,,,,,,,,,,,,,,,,,,,,,18-25,Marketing graduate,ATO employee,Individual taxpayer,,,,,,,,online via myTax,,,,,2017-07-13 15:37:39,2017-07-13 15:40:47,0 days 00:03:08.000000000
62,C881S14_231,Complete,2017/07/13 15:39:52,2017/07/13 15:45:57,Yes,,,,,ATO newsletter,,,,Email,,,,,,,,,,No,Yes,Once a month,,,,,,,,,,"Testing new features, products and services",,,,Updates on new ATO digital services,,,Satisfied,Gives me the opportunity to play with new work in an easy to use environment.,No,,,Satisfied,It is an easy to use and follow environment.,Neutral,"Sometimes it is useful info, sometimes it is not useful in my role.",,Tuesday,Wednesday,Thursday,,,,,,,I have no preference,,,,Desktop Computer,More testers.,,,,,,,,,,,,,,,,,,,,,46-65,Public Servant,ATO employee,Individual taxpayer,,,,,,,,online via myTax,,,,,2017-07-13 15:39:52,2017-07-13 15:45:57,0 days 00:06:05.000000000
63,C881S14_234,Complete,2017/07/13 15:41:58,2017/07/13 15:45:27,Yes,,,,,ATO newsletter,,,,Email,,,,,,,Facebook,Twitter,,,Yes,Fortnightly,,,,,,,,,,"Testing new features, products and services",Findings from tests,,,Updates on new ATO digital services,,,Satisfied,It does what it has to,No,,,Satisfied,I found it very interesting,Neutral,It is an email. Not sure how you can improve on that,,,,,Friday,,,,Afternoon,,,,,,Desktop Computer,,,,,,,,,,,,,,,,,,,,,,46-65,Data Analyst,ATO employee,Individual taxpayer,,,,,,,,online via myTax,,,,,2017-07-13 15:41:58,2017-07-13 15:45:27,0 days 00:03:29.000000000
64,C881S14_236,Complete,2017/07/13 15:46:00,2017/07/13 16:06:20,Yes,Colleague or friend,,,,,,,,Email,,Twitter,,,,,,Twitter,,,Yes,Once a week,,,,,,,,,,"Testing new features, products and services",Findings from tests,User research case studies,Usability and design tips,Updates on new ATO digital services,,,Satisfied,,Yes,The test / survey was too long,,Satisfied,,Very satisfied,,,,,,,,I have no preference,Morning,,,,Mobile phone,Tablet,Laptop,Desktop Computer,,,,,,,,,,,,,,,,,,,,,,26-45,Public Servant,ATO employee,Individual taxpayer,,,,,,,,online via myTax,,,,,2017-07-13 15:46:00,2017-07-13 16:06:20,0 days 00:20:20.000000000
66,C881S14_243,Complete,2017/07/13 15:50:06,2017/07/13 16:01:09,Yes,Colleague or friend,,,,,,,,Email,,,,,,,Facebook,,,,Yes,Once a week,,,,,,,,,,"Testing new features, products and services",Findings from tests,User research case studies,Usability and design tips,Updates on new ATO digital services,,,Satisfied,"easy to read, clear and concise, doesnÕt look cluttered on home page, nice colours",No,,,Satisfied,it is always good to make changes to a webpage to keep up to date and move forward,Satisfied,"I am happy with receiving them once a week, they are clear and concise",,Tuesday,Wednesday,Thursday,,,,,,,I have no preference,,,,Desktop Computer,"looking for improvements with the software, making it easy to use for the T/P or TA.",,,,,,,,,,,,,,,,,,,,,46-65,Interpretative assistance/audit officer for the ATO,ATO employee,Individual taxpayer,,,,,,,,online via myTax,,,,,2017-07-13 15:50:06,2017-07-13 16:01:09,0 days 00:11:03.000000000
67,C881S14_244,Complete,2017/07/13 15:51:18,2017/07/13 15:57:17,Yes,,,,,ATO newsletter,,,,Email,,,,,,,,,,No,Yes,Once a month,,,,,,,,,,"Testing new features, products and services",Findings from tests,User research case studies,Usability and design tips,Updates on new ATO digital services,,,Very unsatisfied,Easy to use and follow,No,,,Very satisfied,Easy to use and follow,Very satisfied,,,,,,,,I have no preference,,,,I have no preference,,,,Desktop Computer,,,,,,,,,,,,,,,,,,,,,,46-65,Project Officer,ATO employee,Individual taxpayer,,,,,,,,online via myTax,,,,,2017-07-13 15:51:18,2017-07-13 15:57:17,0 days 00:05:59.000000000
68,C881S14_246,Complete,2017/07/13 15:53:38,2017/07/13 15:55:47,Yes,Colleague or friend,,,,,,,,Email,,,,,,,Facebook,,,,Yes,Once a month,,,,,,,,,,"Testing new features, products and services",,,,Updates on new ATO digital services,,,Satisfied,,Yes,The test / survey wasnÕt what I was expecting,,Satisfied,,Satisfied,,Monday,Tuesday,Wednesday,Thursday,Friday,,,Morning,Afternoon,,,,,,Desktop Computer,,,,,,,,,,,,,,,,,,,,,,26-45,Communications,ATO employee,Individual taxpayer,,,,,,,,online via myTax,,,,,2017-07-13 15:53:38,2017-07-13 15:55:47,0 days 00:02:09.000000000
69,C881S14_247,Complete,2017/07/13 15:53:49,2017/07/13 15:56:45,Yes,,,,,ATO newsletter,,,,Email,,,,,,,,,,No,Yes,Once a month,,,,,,,,,,"Testing new features, products and services",Findings from tests,,,Updates on new ATO digital services,,,Satisfied,,Yes,The test / survey was too long,,Satisfied,,Satisfied,,,,,,,,I have no preference,,,,I have no preference,,,Laptop,,,,,,,,,,,,,,,,,,,,,,,26-45,Software engineer,Neither,,Sole trader/self-employed,,,,,,,,,through a tax agent,,,2017-07-13 15:53:49,2017-07-13 15:56:45,0 days 00:02:56.000000000
70,C881S14_249,Complete,2017/07/13 15:55:47,2017/07/13 15:58:37,Yes,,,,,ATO newsletter,,,,Email,,,,,,,,,,No,Yes,Other,Every few months,,,,,,,,,"Testing new features, products and services",Findings from tests,User research case studies,Usability and design tips,Updates on new ATO digital services,,,Satisfied,"Easy to navigate, use and understand.",Yes,Technical issues,,Satisfied,,Satisfied,,Monday,,,,Friday,,,Morning,,,,,,,Desktop Computer,,,,,,,,,,,,,,,,,,,,,,26-45,Client Engagement Officer ATO,ATO employee,Individual taxpayer,,,,,,,,online via myTax,,,,,2017-07-13 15:55:47,2017-07-13 15:58:37,0 days 00:02:50.000000000
71,C881S14_250,Complete,2017/07/13 15:57:28,2017/07/13 16:01:27,Yes,Colleague or friend,,,,,,,,Email,,,,,,,,,,No,Yes,Once a month,,,,,,,,,,"Testing new features, products and services",Findings from tests,,Usability and design tips,Updates on new ATO digital services,,,Neutral,IÕm only relatively new to it...not enough exposure to really provide comment,No,,,Neutral,I have only done one survey - not enough to provide meaningful comment,Satisfied,HavenÕt been bombarded but still been in touch,,,,,,,I have no preference,,,,I have no preference,Mobile phone,,,,Nothing comes to mind,,,,,,,,,,,,,,,,,,,,,26-45,Accountant,Neither,Individual taxpayer,,,,,,,,,,through a tax agent,,,2017-07-13 15:57:28,2017-07-13 16:01:27,0 days 00:03:59.000000000
72,C881S14_254,Complete,2017/07/13 16:05:25,2017/07/13 16:08:04,Yes,Colleague or friend,,,,,,,,Email,,,,,,,,,,No,Yes,Fortnightly,,,,,,,,,,"Testing new features, products and services",Findings from tests,,,Updates on new ATO digital services,,,Satisfied,,No,,,Neutral,Have not tested enough to rate,Satisfied,,,,,,Friday,Weekend,,,,,I have no preference,,Tablet,,Desktop Computer,,,,,,,,,,,,,,,,,,,,,,46-65,Administration and customer service officer,ATO employee,Individual taxpayer,,,,,,,,online via myTax,,,,,2017-07-13 16:05:25,2017-07-13 16:08:04,0 days 00:02:39.000000000
73,C881S14_255,Complete,2017/07/13 16:09:05,2017/07/13 16:13:20,Yes,,,,,ATO newsletter,Presentation,,,Email,,,,,,,,,,No,Not sure,Once a month,,,,,,,,,,"Testing new features, products and services",Findings from tests,User research case studies,Usability and design tips,,,,Neutral,,Yes,The test / survey was too long,,Neutral,DONÕT KNOW EXACTLY WHAT BETA IS OR HOW IT INVOLVES ME AS A TAX AGENT.,,,,,,,,,I have no preference,,,Evening,,,,Laptop,,,,,,,,,,,,,,,,,,,,,,,46-65,TAX AGENT,Neither,,Sole trader/self-employed,Tax agent,,,,,,,,through a tax agent,,,2017-07-13 16:09:05,2017-07-13 16:13:20,0 days 00:04:15.000000000
74,C881S14_256,Complete,2017/07/13 16:09:39,2017/07/13 16:15:38,Yes,,,,,ATO newsletter,,,,Email,,,,,,,,,,No,Yes,Once a month,,,,,,,,,,,Findings from tests,,,Updates on new ATO digital services,,,Neutral,,No,,,Neutral,,Neutral,,,,,,,,I have no preference,,,,I have no preference,,,Laptop,,,,,,,,,,,,,,,,,,,,,,,Older than 65,Tax agent,Neither,,,Tax agent,,,,,,,using a paper form,,,,2017-07-13 16:09:39,2017-07-13 16:15:38,0 days 00:05:59.000000000
75,C881S14_259,Complete,2017/07/13 16:16:36,2017/07/13 16:18:24,No,,,,,ATO newsletter,,,,,,,,,,,,,,,,,,,,,,,,,,,,,,,,,,,,,,,,,,,,,,,,,,,,,,,,,,"Testing new features, products and services",,,Usability and design tips,Updates on new ATO digital services,,,Monday,Tuesday,Wednesday,Thursday,,,Morning,,,Mobile phone,Tablet,,Desktop Computer,26-45,Manager - Accountant,Neither,,,Tax agent,,,,,,,,through a tax agent,,,2017-07-13 16:16:36,2017-07-13 16:18:24,0 days 00:01:48.000000000
76,C881S14_261,Complete,2017/07/13 16:17:44,2017/07/13 16:20:05,Yes,,,,,,,Other,Change Network,Email,,,,,,,Facebook,,,,Yes,Once a month,,,,,,,,,,"Testing new features, products and services",,,,Updates on new ATO digital services,,,Satisfied,,No,,,Neutral,They often seem really simple and I am not clear how much you will get out of the testing or what you are trying to achieve out of the testing,Satisfied,"Simple, clear and easy to follow",,,,,,,I have no preference,,,,I have no preference,,,,Desktop Computer,,,,,,,,,,,,,,,,,,,,,,26-45,Public Servant (ATO),ATO employee,Individual taxpayer,,,,,,,,online via myTax,,,,,2017-07-13 16:17:44,2017-07-13 16:20:05,0 days 00:02:21.000000000
77,C881S14_262,Complete,2017/07/13 16:23:24,2017/07/13 16:27:33,Yes,Colleague or friend,,,,,,,,Email,,,,,,,Facebook,,,,Yes,Fortnightly,,,,,,,,,,"Testing new features, products and services",Findings from tests,User research case studies,Usability and design tips,Updates on new ATO digital services,,,Very satisfied,,Yes,The test / survey was difficult to complete,,Very satisfied,,Neutral,"I generally donÕt read the emails, but complete the tests once notified",,,,,,,I have no preference,,,,I have no preference,,,,Desktop Computer,,,,,,,,,,,,,,,,,,,,,,26-45,Analyst,ATO employee,Individual taxpayer,,,,,,,,,,through a tax agent,,,2017-07-13 16:23:24,2017-07-13 16:27:33,0 days 00:04:09.000000000
78,C881S14_263,Complete,2017/07/13 16:29:08,2017/07/13 16:33:13,Yes,,,,,ATO newsletter,,,,Email,,,,,,,,,,No,Not sure,Once a week,,,,,,,,,,"Testing new features, products and services",Findings from tests,User research case studies,Usability and design tips,Updates on new ATO digital services,,,Neutral,,No,,,Neutral,,,,,,,,Friday,,,,Afternoon,,,,Tablet,Laptop,Desktop Computer,,,,,,,,,,,,,,,,,,,,,,46-65,Accountant/tax agent,Neither,,,Tax agent,,,,,,,,through a tax agent,,,2017-07-13 16:29:08,2017-07-13 16:33:13,0 days 00:04:05.000000000
79,C881S14_265,Complete,2017/07/13 16:31:12,2017/07/13 16:39:55,Yes,,,,,ATO newsletter,,,,Email,Facebook,,LinkedIn,Text message,,,Facebook,Twitter,LinkedIn,,Yes,Once a month,,,,,,,,,,"Testing new features, products and services",Findings from tests,User research case studies,Usability and design tips,Updates on new ATO digital services,,,Satisfied,I think that is a great way to get hands on experience as to how the ATO is designing their online services,No,,,Satisfied,tests were easy to follow,Satisfied,I like that I donÕt get spammed I only receive emails when there is something new to tell,,,,,,,I have no preference,Morning,Afternoon,,,,,,Desktop Computer,canÕt think of anything at this present moment in time,,,,,,,,,,,,,,,,,,,,,46-65,public servant,ATO employee,Individual taxpayer,,,,,,,,online via myTax,,,,,2017-07-13 16:31:12,2017-07-13 16:39:55,0 days 00:08:43.000000000
80,C881S14_267,Complete,2017/07/13 16:40:08,2017/07/13 16:42:30,Yes,,,,,ATO newsletter,,,,Email,,,,,,,Facebook,,,,Yes,Once a week,,,,,,,,,,"Testing new features, products and services",Findings from tests,,,Updates on new ATO digital services,,,Satisfied,,No,,,Neutral,,Satisfied,,,,,,,,I have no preference,,,,I have no preference,,,,Desktop Computer,,,,,,,,,,,,,,,,,,,,,,46-65,public servant,ATO employee,Individual taxpayer,,,,,,,,online via myTax,,,,,2017-07-13 16:40:08,2017-07-13 16:42:30,0 days 00:02:22.000000000
81,C881S14_268,Complete,2017/07/13 16:45:03,2017/07/13 16:49:05,Yes,,,,,ATO newsletter,,,,Email,,,,,,,,,,No,Yes,Once a month,,,,,,,,,,"Testing new features, products and services",,,,Updates on new ATO digital services,,,Satisfied,,No,,,Satisfied,usually easy to navigate,Satisfied,,,,,,,,I have no preference,,,,I have no preference,,,,Desktop Computer,,,,,,,,,,,,,,,,,,,,,,46-65,Builder,Neither,,,,Small business,,,,,online via myTax,,through a tax agent,,,2017-07-13 16:45:03,2017-07-13 16:49:05,0 days 00:04:02.000000000
82,C881S14_269,Complete,2017/07/13 16:55:28,2017/07/13 16:58:20,Not sure,,,,,ATO newsletter,,,,Email,,,LinkedIn,,,,,,LinkedIn,,Not sure,More than once a week,,,,,,,,,,"Testing new features, products and services",,,Usability and design tips,Updates on new ATO digital services,,,Satisfied,,No,,,Satisfied,,,,,,,,,,I have no preference,,,,I have no preference,,,,Desktop Computer,,,,,,,,,,,,,,,,,,,,,,Older than 65,Tax accountant,Neither,,,Tax agent,,,,,,,,through a tax agent,,,2017-07-13 16:55:28,2017-07-13 16:58:20,0 days 00:02:52.000000000
83,C881S14_271,Complete,2017/07/13 16:55:33,2017/07/13 16:59:22,Not sure,Colleague or friend,,,,,,,,Email,,,,,,,Facebook,,,,Not sure,Once a week,,,,,,,,,,"Testing new features, products and services",,,Usability and design tips,Updates on new ATO digital services,,,Neutral,,I havenÕt done a test,,,Neutral,,,,,,,,,,I have no preference,,,,I have no preference,,,,Desktop Computer,donÕt know,,,,,,,,,,,,,,,,,,,,,46-65,Service Delivery Officer,ATO employee,Individual taxpayer,,,,,,,,online via myTax,,,,,2017-07-13 16:55:33,2017-07-13 16:59:22,0 days 00:03:49.000000000
84,C881S14_272,Complete,2017/07/13 17:16:02,2017/07/13 17:19:01,Yes,,,,,ATO newsletter,,,,Email,,,,,,,,,,No,Yes,Once a month,,,,,,,,,,"Testing new features, products and services",Findings from tests,User research case studies,Usability and design tips,Updates on new ATO digital services,,,Satisfied,,No,,,Neutral,,Satisfied,,,,,,,,I have no preference,,,,I have no preference,,,,Desktop Computer,,,,,,,,,,,,,,,,,,,,,,46-65,Writer and editor,Neither,,Sole trader/self-employed,,,,,,,,,through a tax agent,,,2017-07-13 17:16:02,2017-07-13 17:19:01,0 days 00:02:59.000000000
85,C881S14_274,Complete,2017/07/13 17:28:06,2017/07/13 17:30:06,Yes,,,,,,,Other,Internal ATO,Email,,,,,,,Facebook,,,,Yes,Once a month,,,,,,,,,,"Testing new features, products and services",Findings from tests,User research case studies,,Updates on new ATO digital services,,,Satisfied,,Yes,The test / survey was too long,,Satisfied,Would like to see more tests,Satisfied,,,,,,,,I have no preference,,,,I have no preference,,Tablet,,Desktop Computer,,,,,,,,,,,,,,,,,,,,,,26-45,ATO,ATO employee,Individual taxpayer,,,,,,,,online via myTax,,,,,2017-07-13 17:28:06,2017-07-13 17:30:06,0 days 00:02:00.000000000
86,C881S14_275,Complete,2017/07/13 17:33:48,2017/07/13 17:35:34,No,,,,,ATO newsletter,,,,,,,,,,,,,,,,,,,,,,,,,,,,,,,,,,,,,,,,,,,,,,,,,,,,,,,,,,,,,,Updates on new ATO digital services,,,,,,,Friday,,,,Evening,Mobile phone,Tablet,Laptop,Desktop Computer,26-45,Accountant,Neither,,,,,Large business,,,,,,through a tax agent,,,2017-07-13 17:33:48,2017-07-13 17:35:34,0 days 00:01:46.000000000
87,C881S14_276,Complete,2017/07/13 17:39:11,2017/07/13 17:43:44,Yes,,,,,ATO newsletter,,,,Email,,,,,,,,,,No,Yes,Once a month,,,,,,,,,,"Testing new features, products and services",Findings from tests,,,Updates on new ATO digital services,,,Satisfied,,No,,,Satisfied,,Satisfied,,,,,,,,I have no preference,,,,I have no preference,,,,Desktop Computer,Nothing I can think of right now.,,,,,,,,,,,,,,,,,,,,,46-65,Senior Business Advisor and Mentor,Neither,,Sole trader/self-employed,,,,,,,,,through a tax agent,,,2017-07-13 17:39:11,2017-07-13 17:43:44,0 days 00:04:33.000000000
88,C881S14_277,Complete,2017/07/13 17:46:38,2017/07/13 17:51:26,Yes,,,,,ATO newsletter,,,,Email,,,,,,,,,,No,Yes,Once a month,,,,,,,,,,"Testing new features, products and services",Findings from tests,User research case studies,Usability and design tips,Updates on new ATO digital services,,,Satisfied,It serves my purpose.,No,,,Satisfied,Some are a little complicated for me but I get the general purpose of the products.,Satisfied,They give me what I require or the information is clear.,,,,,,Weekend,,,,Evening,,,,,Desktop Computer,Nothing I can think of at the moment,,,,,,,,,,,,,,,,,,,,,46-65,I make furniture items from recycled pine pallets. I sell these items at markets and over the internet plus people place orders with me...so basically a wood worker.,Neither,,Sole trader/self-employed,,,,,,,,,through a tax agent,,,2017-07-13 17:46:38,2017-07-13 17:51:26,0 days 00:04:48.000000000
89,C881S14_278,Complete,2017/07/13 18:19:41,2017/07/13 18:25:02,Yes,,,,,ATO newsletter,,,,Email,Facebook,,,,,,Facebook,,,,Yes,Once a week,,,,,,,,,,"Testing new features, products and services",Findings from tests,User research case studies,Usability and design tips,Updates on new ATO digital services,,,Satisfied,Other than the downtimes itÕs much easier to use. At least youÕve said no penalties for not lodging on time even though we werenÕt able to.,Yes,The test / survey was too long,,Satisfied,I get there are teething issues... sometimes it is inconvenient,Satisfied,They are good,,,,,,Weekend,,,,Evening,,Mobile phone,Tablet,,,,,,,,,,,,,,,,,,,,,,,,26-45,Bookkeeper,Neither,Individual taxpayer,Sole trader/self-employed,,,,,,,,,through a tax agent,,,2017-07-13 18:19:41,2017-07-13 18:25:02,0 days 00:05:21.000000000
90,C881S14_279,Complete,2017/07/13 18:43:18,2017/07/13 18:47:37,Yes,,,,,ATO newsletter,,,,Email,,,,,,,,,,No,Yes,Once a month,,,,,,,,,,"Testing new features, products and services",,,Usability and design tips,,,,Neutral,,Yes,Technical issues,,Satisfied,,Satisfied,,,,,,Friday,,,,Afternoon,,,,,Laptop,,,,,,,,,,,,,,,,,,,,,,,Older than 65,regd tax agent,Neither,,,Tax agent,,,,,,,,through a tax agent,,,2017-07-13 18:43:18,2017-07-13 18:47:37,0 days 00:04:19.000000000
91,C881S14_280,Complete,2017/07/13 18:50:51,2017/07/13 19:01:53,Yes,,,,,ATO newsletter,,,,Email,,,,,,,,,,No,Yes,Other,As isues arise,,,,,,,,,"Testing new features, products and services",Findings from tests,,Usability and design tips,,,,Satisfied,Good intentions but sometimes vague on directions/objectives of survey.,Yes,The test / survey wasnÕt what I was expecting,,Neutral,,Neutral,Not aware of the outcomes.,,,,,,Weekend,,,,,I have no preference,,,,Desktop Computer,Give a bit more background to survey objectives.,,,,,,,,,,,,,,,,,,,,,Older than 65,Public Accountant,Neither,Individual taxpayer,Sole trader/self-employed,Tax agent,Small business,,,,,,,through a tax agent,,,2017-07-13 18:50:51,2017-07-13 19:01:53,0 days 00:11:02.000000000
92,C881S14_281,Complete,2017/07/13 19:35:21,2017/07/13 19:38:31,Yes,,,,,ATO newsletter,,,,Email,,,,,,,,,,No,Yes,Fortnightly,,,,,,,,,,"Testing new features, products and services",Findings from tests,,Usability and design tips,,,,Satisfied,,No,,,Satisfied,,Satisfied,,,Tuesday,,,,,,Morning,,,,,,,Desktop Computer,Give priority to making sure existing essential facilities work properly,,,,,,,,,,,,,,,,,,,,,46-65,Accountant,Neither,,,Tax agent,,,,,,,,through a tax agent,,,2017-07-13 19:35:21,2017-07-13 19:38:31,0 days 00:03:10.000000000
93,C881S14_282,Complete,2017/07/13 19:38:23,2017/07/13 19:44:44,Yes,,,,,,,Other,Originally on the ATO website when i was doing my tax return last year,Email,,,,,,,,,,No,Yes,Other,When you have something that needs to be tested,,,,,,,,,"Testing new features, products and services",,,Usability and design tips,Updates on new ATO digital services,,,Satisfied,Because it seems to be pretty good.  I think that a lot more testing should have been done before the rollout of the new myTax software so I thought that the best way to help that was to sign up and help with the testing myself.,No,,,Satisfied,They all seem to be fairly straightforward and easy to complete.,Neutral,Sometimes they are a bit busy and I donÕt know which bit I should be reading first.,,,,,,,I have no preference,,,Evening,,,,Laptop,,Just keep doing what you are doing and keep trying to make it simpler for us to lodge our returns and making the system easier to understand.,,,,,,,,,,,,,,,,,,,,,26-45,Home Maker,Neither,Individual taxpayer,,,,,,,,online via myTax,,,,,2017-07-13 19:38:23,2017-07-13 19:44:44,0 days 00:06:21.000000000
94,C881S14_283,Complete,2017/07/13 19:44:43,2017/07/13 19:48:52,Yes,,,,,ATO newsletter,,,,Email,,,,,,,,,,No,Yes,Once a month,,,,,,,,,,"Testing new features, products and services",,,,Updates on new ATO digital services,,,Neutral,hasnÕt inspired me yet,No,,,Neutral,again nothing has struck me as inspirational,Neutral,nothing special in the way of email content,,,,Thursday,,,,,Afternoon,Evening,,,,,Desktop Computer,,,,,,,,,,,,,,,,,,,,,,46-65,property manager - finance manager,Neither,,Sole trader/self-employed,,Small business,,,,,,,through a tax agent,,,2017-07-13 19:44:43,2017-07-13 19:48:52,0 days 00:04:09.000000000
95,C881S14_285,Complete,2017/07/13 20:12:39,2017/07/13 20:17:32,Yes,,,,,ATO newsletter,,,,Email,,,,,,,Facebook,,,,Yes,Once a month,,,,,,,,,,"Testing new features, products and services",Findings from tests,User research case studies,Usability and design tips,Updates on new ATO digital services,,,Neutral,,Yes,The test / survey wasnÕt what I was expecting,,Neutral,,Satisfied,,,,,,,,I have no preference,,,,I have no preference,,,Laptop,,,,,,,,,,,,,,,,,,,,,,,46-65,accountant,Neither,,,,Small business,,,,,,,through a tax agent,,,2017-07-13 20:12:39,2017-07-13 20:17:32,0 days 00:04:53.000000000
96,C881S14_286,Complete,2017/07/13 20:13:38,2017/07/13 20:16:34,Yes,,,,,,,Other,not sure - maybe twitter,Email,,,,,,,,Twitter,,,Yes,Once a month,,,,,,,,,,"Testing new features, products and services",Findings from tests,,,,,,Satisfied,,No,,,Satisfied,,Satisfied,,,,,,,,I have no preference,,,,I have no preference,,,,Desktop Computer,,,,,,,,,,,,,,,,,,,,,,46-65,retired,Neither,Individual taxpayer,,,,,,,,online via myTax,,,,,2017-07-13 20:13:38,2017-07-13 20:16:34,0 days 00:02:56.000000000
97,C881S14_288,Complete,2017/07/13 21:09:20,2017/07/13 21:16:44,Yes,,,,,,Presentation,,,Email,,,,,,,Facebook,,LinkedIn,,Yes,Once a month,,,,,,,,,,,,,Usability and design tips,Updates on new ATO digital services,,,Neutral,,No,,,Unsatisfied,,Satisfied,,,,,,,Weekend,,,,,I have no preference,,,Laptop,,,,,,,,,,,,,,,,,,,,,,,46-65,Bookkeeper,Neither,,Sole trader/self-employed,,,,,,,,,through a tax agent,,,2017-07-13 21:09:20,2017-07-13 21:16:44,0 days 00:07:24.000000000
98,C881S14_289,Complete,2017/07/13 22:51:44,2017/07/13 22:57:53,Yes,,,,,ATO newsletter,,,,Email,,,,,,,,,,No,Not sure,Other,When you have something worthwhile,,,,,,,,,"Testing new features, products and services",Findings from tests,User research case studies,Usability and design tips,Updates on new ATO digital services,,,Neutral,I donÕt think IÕll _ever_ feel warm & fuzzy about the tax office...,Yes,Technical issues,,Satisfied,The instructions of what we were to test were clear enough.,,,,,,,,,I have no preference,,,,I have no preference,,,,Desktop Computer,,,,,,,,,,,,,,,,,,,,,,46-65,Computer nerd.,Neither,Individual taxpayer,Sole trader/self-employed,,,,,Other,SMSF,,,through a tax agent,,,2017-07-13 22:51:44,2017-07-13 22:57:53,0 days 00:06:09.000000000
99,C881S14_290,Complete,2017/07/14 01:37:23,2017/07/14 01:50:12,Yes,,,,,ATO newsletter,,,,Email,,,,,,,,,,No,Yes,Once a month,,,,,,,,,,"Testing new features, products and services",Findings from tests,,,Updates on new ATO digital services,,,Neutral,I am not convinced that by the time it gets to ATO Beta that you listen to all the feedback (both positive and negative). I feel that you have already determined that whatever is being tested will go ahead.,No,,,Unsatisfied,I find the tests to be very limited. This is especially so when you just know that using the product once it has gone live is going to be a lot more complicated than it appears during testing.,Neutral,Sometimes I donÕt seem to receive them as testing has closed on products that I havenÕt heard about before.,,,,,,Weekend,,,Afternoon,Evening,,,,Laptop,,"Stop creating change just for the sake of it. For example - the new BAS take too long to load, utilise too much paper when printing out, confusing when trying to track historical data and just generally they are not as easy to read as the previous versions. Also, why isnÕt there a function to turn Alex off so that we can read the full screen?",,,,,,,,,,,,,,,,,,,,,26-45,Bookkeeper and Registered BAS Agent,Neither,Individual taxpayer,Sole trader/self-employed,Tax agent,,,,,,,,,,prefer not to say,2017-07-14 01:37:23,2017-07-14 01:50:12,0 days 00:12:49.000000000
100,C881S14_292,Complete,2017/07/14 06:50:40,2017/07/14 07:01:15,Yes,,,,,,,Other,ATO,Email,,,,,,,Facebook,Twitter,,,Yes,Once a week,,,,,,,,,,"Testing new features, products and services",,,,,,,Satisfied,,Yes,Technical issues,,Satisfied,,Satisfied,,Monday,Tuesday,Wednesday,Thursday,Friday,,,Morning,Afternoon,,,,,,Desktop Computer,,,,,,,,,,,,,,,,,,,,,,26-45,Law interpretation officer,ATO employee,Individual taxpayer,,,,,,,,online via myTax,,,,,2017-07-14 06:50:40,2017-07-14 07:01:15,0 days 00:10:35.000000000
101,C881S14_294,Complete,2017/07/14 06:52:10,2017/07/14 06:54:18,No,Colleague or friend,,,,,Presentation,,,,,,,,,,,,,,,,,,,,,,,,,,,,,,,,,,,,,,,,,,,,,,,,,,,,,,,,,"Testing new features, products and services",,,,Updates on new ATO digital services,,,Monday,Tuesday,Wednesday,Thursday,,,Morning,,,Mobile phone,Tablet,Laptop,Desktop Computer,46-65,Community Engagement Officer,ATO employee,Individual taxpayer,,,,,,,,online via myTax,,,,,2017-07-14 06:52:10,2017-07-14 06:54:18,0 days 00:02:08.000000000
102,C881S14_296,Complete,2017/07/14 07:08:32,2017/07/14 07:48:38,Yes,Colleague or friend,,,,,,,,Email,,,,,,,Facebook,,LinkedIn,,Yes,Once a month,,,,,,,,,,"Testing new features, products and services",Findings from tests,User research case studies,Usability and design tips,Updates on new ATO digital services,,,Neutral,Indifference. I have no need to go there unless IÕm requested to.,No,,,Neutral,I canÕt remember,Neutral,I donÕt recall. TheyÕre not a high priority in my mind. I get a lot of emails.,,,,,,,I have no preference,Morning,,,,Mobile phone,Tablet,Laptop,Desktop Computer,,,,,,,,,,,,,,,,,,,,,,46-65,Project Manager,ATO employee,Individual taxpayer,,,,,,,,online via myTax,,,,,2017-07-14 07:08:32,2017-07-14 07:48:38,0 days 00:40:06.000000000
103,C881S14_298,Complete,2017/07/14 07:33:58,2017/07/14 07:37:09,Yes,Colleague or friend,,,,,,,,Email,,,,,,,Facebook,,,,Yes,Once a month,,,,,,,,,,"Testing new features, products and services",,,,Updates on new ATO digital services,,,Neutral,,No,,,Neutral,,Neutral,,,,Wednesday,,,,,Morning,,,,,,,Desktop Computer,,,,,,,,,,,,,,,,,,,,,,46-65,CEG,ATO employee,Individual taxpayer,,,,,,,,,,through a tax agent,,,2017-07-14 07:33:58,2017-07-14 07:37:09,0 days 00:03:11.000000000
104,C881S14_300,Complete,2017/07/14 07:38:10,2017/07/14 07:40:56,Yes,,,,,ATO newsletter,,,,Email,,,,,,,,,LinkedIn,,Not sure,Once a week,,,,,,,,,,"Testing new features, products and services",Findings from tests,User research case studies,Usability and design tips,Updates on new ATO digital services,,,Satisfied,,No,,,Satisfied,,,,,,,,,,I have no preference,,,,I have no preference,,,Laptop,Desktop Computer,,,,,,,,,,,,,,,,,,,,,,26-45,Public servant,ATO employee,Individual taxpayer,,,,,,,,online via myTax,,,,,2017-07-14 07:38:10,2017-07-14 07:40:56,0 days 00:02:46.000000000
105,C881S14_301,Complete,2017/07/14 07:40:57,2017/07/14 07:47:56,Yes,,,,,,,Other,Cant remember,Email,,,,,,,,,,No,Yes,Fortnightly,,,,,,,,,,"Testing new features, products and services",Findings from tests,User research case studies,Usability and design tips,Updates on new ATO digital services,,,Neutral,,No,,,,,Neutral,No problems,,,,,,,I have no preference,,,,I have no preference,Mobile phone,Tablet,,,Not sure as yet,,,,,,,,,,,,,,,,,,,,,46-65,Self employed,Neither,,Sole trader/self-employed,,,,,,,online via myTax,,,,,2017-07-14 07:40:57,2017-07-14 07:47:56,0 days 00:06:59.000000000
106,C881S14_303,Complete,2017/07/14 07:41:25,2017/07/14 07:49:06,Yes,,,,,ATO newsletter,,,,Email,,,,,,,,,,No,Yes,Fortnightly,,,,,,,,,,"Testing new features, products and services",Findings from tests,User research case studies,Usability and design tips,Updates on new ATO digital services,,,Satisfied,,Yes,Technical issues,,Satisfied,,Satisfied,,,,,,,,I have no preference,Morning,,,,,Tablet,,Desktop Computer,Information about new products being tested by Clients/Tax Agents are not conveyed in sufficient detail to staff often till after the product has finalised.   It would be really helpful to have regular updates through to end results.,,,,,,,,,,,,,,,,,,,,,46-65,"ATO staff member, Debt Firmer Action",ATO employee,Individual taxpayer,,,,,,,,online via myTax,,,,,2017-07-14 07:41:25,2017-07-14 07:49:06,0 days 00:07:41.000000000
107,C881S14_305,Complete,2017/07/14 07:52:18,2017/07/14 08:27:19,Yes,,,,,,,Other,Worked in the web publishing/web management area.,Email,,,,,,,Facebook,,,,Yes,Other,Whenever new or revised products are being considered.,,,,,,,,,"Testing new features, products and services",Findings from tests,User research case studies,Usability and design tips,Updates on new ATO digital services,,,Very satisfied,The website is easy to navigate and I actually prefer the colour scheme of beta.ato.gov.au to the ato.gov.au website.,No,,,Satisfied,"The majority of tests that IÕve participated in seem to be ÕCan you find this or where would it be better placed?Õ. I know new features and products are tested in-house, but it would be nice for beta testers to be able to test the end-to-end performance of a product in the beta environment.",Satisfied,TheyÕre a lot more colourful than my usual ATO emails.,Monday,Tuesday,Wednesday,Thursday,Friday,,,Morning,Afternoon,,,,,,Desktop Computer,"Like I said earlier, IÕd like to be more involved in testing the end-to-end performance and functionality of new or revised products in the beta environment.",,,,,,,,,,,,,,,,,,,,,46-65,Finance Officer/Business Analyst,ATO employee,Individual taxpayer,,,,,,,,online via myTax,,,,,2017-07-14 07:52:18,2017-07-14 08:27:19,0 days 00:35:01.000000000
108,C881S14_307,Complete,2017/07/14 08:10:41,2017/07/14 08:47:07,Yes,,,,,ATO newsletter,,,,Email,,,,,,,Facebook,,,,Yes,Once a week,,,,,,,,,,"Testing new features, products and services",Findings from tests,User research case studies,Usability and design tips,Updates on new ATO digital services,,,Satisfied,Achieves the purpose of what it is designed for. Could look more similar to the live website.,No,,,Very satisfied,"Testing the new features, products and services is engaging and exciting.",Very satisfied,e-mails are very clear about there purpose and are sent reasonably frequently.,,,,,,,I have no preference,,,,I have no preference,Mobile phone,,,Desktop Computer,Provide more results and updates on how a new product is travelling.,,,,,,,,,,,,,,,,,,,,,18-25,Call centre operator,ATO employee,Individual taxpayer,,,,,,,,online via myTax,,,,,2017-07-14 08:10:41,2017-07-14 08:47:07,0 days 00:36:26.000000000
109,C881S14_309,Complete,2017/07/14 08:45:45,2017/07/14 08:48:07,Yes,,,,,ATO newsletter,,,,Email,,,,,,,,Twitter,,,Yes,Fortnightly,,,,,,,,,,"Testing new features, products and services",,User research case studies,,,,,Satisfied,,No,,,Satisfied,,Satisfied,,,,Wednesday,,,,,Morning,,,,,,,Desktop Computer,,,,,,,,,,,,,,,,,,,,,,46-65,Pubic servant,ATO employee,Individual taxpayer,,,,,,,,online via myTax,,,,,2017-07-14 08:45:45,2017-07-14 08:48:07,0 days 00:02:22.000000000
110,C881S14_314,Complete,2017/07/14 08:58:02,2017/07/14 09:02:05,Yes,,,,,ATO newsletter,,,,Email,,,,,,,,,,No,Not sure,Once a month,,,,,,,,,,"Testing new features, products and services",,,Usability and design tips,Updates on new ATO digital services,,,Neutral,I donÕt really look at it.,No,,,Satisfied,,,,,,,,,,I have no preference,Morning,,,,,,,Desktop Computer,,,,,,,,,,,,,,,,,,,,,,46-65,Human Resource Manager,ATO employee,Individual taxpayer,,,Small business,,,,,,,through a tax agent,,,2017-07-14 08:58:02,2017-07-14 09:02:05,0 days 00:04:03.000000000
111,C881S14_315,Complete,2017/07/14 09:00:27,2017/07/14 09:03:15,Yes,,,,,ATO newsletter,,,,Email,,,,,,,,,,No,Yes,Once a month,,,,,,,,,,"Testing new features, products and services",Findings from tests,User research case studies,Usability and design tips,Updates on new ATO digital services,,,Very satisfied,,No,,,Very satisfied,"easy to use, relevant, nice to see you doing new things to help us.",Very satisfied,"not too big, not too often, just right.",,,,,,,I have no preference,,,,I have no preference,,,Laptop,,,,,,,,,,,,,,,,,,,,,,,46-65,Business admin/owner,Neither,,,,Small business,,,,,,,through a tax agent,,,2017-07-14 09:00:27,2017-07-14 09:03:15,0 days 00:02:48.000000000
112,C881S14_316,Complete,2017/07/14 09:25:35,2017/07/14 09:30:47,Yes,,Facebook,,,,,,,Email,,,,,,,,,,No,Yes,Once a month,,,,,,,,,,"Testing new features, products and services",,User research case studies,Usability and design tips,Updates on new ATO digital services,,,Very unsatisfied,,No,,,Very unsatisfied,,Very unsatisfied,,,,,,,,I have no preference,,,,I have no preference,,Tablet,,,"Nothing, instructions, outcomes and descriptions are clear and easy to understand.",,,,,,,,,,,,,,,,,,,,,46-65,Retired public servant,Neither,Individual taxpayer,,,,,,,,online via myTax,,,,,2017-07-14 09:25:35,2017-07-14 09:30:47,0 days 00:05:12.000000000
113,C881S14_317,Complete,2017/07/14 09:39:55,2017/07/14 09:42:12,Yes,,,,,,Presentation,,,Email,,,,,,,,,,No,Not sure,Once a month,,,,,,,,,,"Testing new features, products and services",Findings from tests,,Usability and design tips,Updates on new ATO digital services,,,Very satisfied,,No,,,Very satisfied,,,,,,,,,,I have no preference,Morning,,,,,,Laptop,,,,,,,,,,,,,,,,,,,,,,,46-65,Accountant,Neither,Individual taxpayer,,,,,,,,,,through a tax agent,,,2017-07-14 09:39:55,2017-07-14 09:42:12,0 days 00:02:17.000000000
114,C881S14_321,Complete,2017/07/14 10:01:48,2017/07/14 10:05:17,Yes,,,,,,,Other,I work in the ATO,Email,,,,,,,Facebook,Twitter,,,Yes,Other,"when there is something of interest, otherwise it feels like spam",,,,,,,,,"Testing new features, products and services",Findings from tests,,Usability and design tips,Updates on new ATO digital services,,,Neutral,,No,,,Neutral,It depends on the test,Satisfied,there is a lot of unused space,,,,,,,I have no preference,,,,I have no preference,,Tablet,Laptop,,,,,,,,,,,,,,,,,,,,,,,26-45,Public Servant,ATO employee,Individual taxpayer,,,,,,,,online via myTax,,,,,2017-07-14 10:01:48,2017-07-14 10:05:17,0 days 00:03:29.000000000
115,C881S14_322,Complete,2017/07/14 10:06:30,2017/07/14 10:09:57,Yes,,,,,ATO newsletter,,,,Email,,,,,,,,,,No,Yes,Once a month,,,,,,,,,,"Testing new features, products and services",Findings from tests,,Usability and design tips,Updates on new ATO digital services,,,Satisfied,,No,,,Satisfied,,Satisfied,,,,,,,,I have no preference,,,,I have no preference,,,,Desktop Computer,nothing I can think of,,,,,,,,,,,,,,,,,,,,,Older than 65,Company director,Neither,,,,Small business,,,,,,,through a tax agent,,,2017-07-14 10:06:30,2017-07-14 10:09:57,0 days 00:03:27.000000000
116,C881S14_323,Complete,2017/07/14 10:08:44,2017/07/14 10:13:39,Yes,,,,,ATO newsletter,,,,Email,,,,,,,,,LinkedIn,,Yes,Once a month,,,,,,,,,,"Testing new features, products and services",,,,,,,Unsatisfied,Medicare area will not accept DOB,No,,,Unsatisfied,Medicare needs work,Very satisfied,,,Tuesday,,,,,,Morning,,,,,,,Desktop Computer,,,,,,,,,,,,,,,,,,,,,,46-65,Director,Neither,,,,Small business,,,,,,,through a tax agent,,,2017-07-14 10:08:44,2017-07-14 10:13:39,0 days 00:04:55.000000000
117,C881S14_324,Complete,2017/07/14 10:12:42,2017/07/14 10:17:58,Yes,,,,,ATO newsletter,,,,Email,,,,,,,,,,No,Yes,Once a week,,,,,,,,,,"Testing new features, products and services",Findings from tests,User research case studies,Usability and design tips,Updates on new ATO digital services,,,Satisfied,looks OK so far,No,,,Satisfied,new BAS appearance on screen is somewhat hard to follow.  It would be easier to deal with if it looked like a BAS form.,Satisfied,no issues,,,,,,,I have no preference,Morning,Afternoon,,,,,,Desktop Computer,"make screen updates faster.  I am using cable with 90 MIPS, and it still seems slow to update",,,,,,,,,,,,,,,,,,,,,Older than 65,tax agent,Neither,,,Tax agent,,,,,,,,through a tax agent,,,2017-07-14 10:12:42,2017-07-14 10:17:58,0 days 00:05:16.000000000
118,C881S14_326,Complete,2017/07/14 10:13:04,2017/07/14 10:43:18,Yes,,,,,ATO newsletter,,,,Email,,,,Text message,,,Facebook,Twitter,LinkedIn,,Yes,Fortnightly,,,,,,,,,,"Testing new features, products and services",Findings from tests,User research case studies,Usability and design tips,Updates on new ATO digital services,,,Very satisfied,"Appreciate the clean, usability of the site",No,,,Satisfied,Because they are usually good ideas.,Satisfied,Good information.  Clean graphics.,Monday,,,,,,,Morning,,,,,Tablet,,,Nothing comes to mind.,,,,,,,,,,,,,,,,,,,,,46-65,Public Servant,ATO employee,Individual taxpayer,,,,,,,,online via myTax,,,,,2017-07-14 10:13:04,2017-07-14 10:43:18,0 days 00:30:14.000000000
119,C881S14_327,Complete,2017/07/14 10:39:15,2017/07/14 10:44:43,Yes,,,,,ATO newsletter,,,,Email,,,,,,,,,,No,Not sure,Once a month,,,,,,,,,,"Testing new features, products and services",Findings from tests,User research case studies,Usability and design tips,Updates on new ATO digital services,,,Satisfied,,I havenÕt done a test,,,Neutral,,,,,,,,,,I have no preference,,,,I have no preference,,Tablet,Laptop,,Keep people informed of improvements made.,,,,,,,,,,,,,,,,,,,,,Older than 65,Electrician & mechanical services.,Neither,Individual taxpayer,,,,,,,,online via myTax,,,,,2017-07-14 10:39:15,2017-07-14 10:44:43,0 days 00:05:28.000000000
